input_input_list,input_query,output_outputs,output_result
"[{""query"": ""Quels sont les thèmes principaux du livre 'Les Misérables' ?"", ""answer"": ""Les thèmes principaux incluent la justice sociale, la rédemption, l'amour, et la pauvreté."", ""result"": ""Les thèmes principaux de \""Les Misérables\"" sont la justice, la moralité, la rédemption, et la lutte entre le bien et le mal. Le roman explore également les problèmes sociaux, notamment la pauvreté et la marginalisation, à travers les vies de ses personnages, en particulier Jean Valjean.""}, {""query"": ""Qui sont les personnages principaux dans le résumé du livre 'Le Roi des Étudiants' ?"", ""answer"": ""Les personnages principaux sont Paul Champfort et ses camarades de lycée"", ""result"": ""Les personnages principaux dans le résumé du livre \""Le Roi des Étudiants\"" sont Paul Champfort et un groupe d'étudiants en médecine à Québec.""}, {""query"": ""Quels sont les thèmes principaux du livre 'Les fleurs du mal' ?"", ""answer"": ""Les thèmes principaux sont la mélancolie, la beauté, la société, et la lutte morale."", ""result"": ""\""Les Fleurs du mal\"" de Charles Baudelaire explore principalement les thèmes de la beauté, la décadence, l'érotisme, la mélancolie, et la dualité entre le bien et le mal. Le recueil aborde également la modernité, l'ennui, et la quête de l'idéal, tout en reflétant les tensions entre le spleen et l'aspiration à l'élévation spirituelle. Baudelaire utilise une riche imagerie pour exprimer les complexités de l'âme humaine et les contradictions de l'existence.""}, {""query"": ""Résume moi 'Fairy Tales from the Arabian Nights' ?"", ""answer"": ""C'est une collection de contes fantastiques inspirés du folklore moyen-oriental dont Les histoires explorent des thèmes de l'amour, de la magie et de l'aventure"", ""result"": ""\""Fairy Tales from the Arabian Nights\"" par E. Dixon est une collection de récits fantastiques édités et abrégés à la fin du XIXe siècle. Inspirées par le folklore du Moyen-Orient, ces histoires explorent des thèmes d'amour, de magie et d'aventure dans un monde richement imaginé. Les récits mettent en scène divers personnages, dont des rois, des reines et des êtres magiques, avec des intrigues centrées sur des figures comme le Prince Beder et la Reine Gulnare. L'ouverture présente l'histoire captivante d'un roi de Perse découvrant le passé tragique et la lignée royale de sa reine. Le texte instaure une atmosphère de mystère et d'enchantement, soulignant la loyauté et la quête d'identité au milieu des défis magiques.""}, {""query"": ""De quoi parle 'The Japanese twins'?"", ""answer"": ""C'est un roman pour enfants.L'histoire suit Taro et Take, des jumeaux de cinq ans vivant dans une maison japonaise pittoresque avec leurs parents, leur grand-mère et leur petit frère. Le livre explore leur vie quotidienne, leurs expériences culturelles et les aventures innocentes de l'enfance."", ""result"": ""\""The Japanese Twins\"" de Lucy Fitch Perkins est un roman pour enfants du début du 20e siècle. Il raconte l'histoire de Taro et Take, des jumeaux de cinq ans vivant dans une maison japonaise avec leurs parents, leur grand-mère et leur petit frère, Bot'Chan. Le livre explore leur vie quotidienne, leurs expériences culturelles et leurs aventures innocentes. L'histoire commence le jour de la naissance de leur petit frère, où les jumeaux expriment excitation et curiosité. Le récit met en avant la dynamique familiale soudée, les conversations engageantes et la beauté de leur jardin, invitant les lecteurs dans un monde d'enfance rempli de plaisirs simples et de relations significatives.""}]",,"[{""results"": ""CORRECT""}, {""results"": ""INCORRECT""}, {""results"": ""CORRECT""}, {""results"": ""CORRECT""}, {""results"": ""CORRECT""}]",
,De quoi parle 'The Japanese twins'?,,"""The Japanese Twins"" de Lucy Fitch Perkins est un roman pour enfants du début du 20e siècle. Il raconte l'histoire de Taro et Take, des jumeaux de cinq ans vivant dans une maison japonaise avec leurs parents, leur grand-mère et leur petit frère, Bot'Chan. Le livre explore leur vie quotidienne, leurs expériences culturelles et leurs aventures innocentes. L'histoire commence le jour de la naissance de leur petit frère, où les jumeaux expriment excitation et curiosité. Le récit met en avant la dynamique familiale soudée, les conversations engageantes et la beauté de leur jardin, invitant les lecteurs dans un monde d'enfance rempli de plaisirs simples et de relations significatives."
,Résume moi 'Fairy Tales from the Arabian Nights' ?,,"""Fairy Tales from the Arabian Nights"" par E. Dixon est une collection de récits fantastiques édités et abrégés à la fin du XIXe siècle. Inspirées par le folklore du Moyen-Orient, ces histoires explorent des thèmes d'amour, de magie et d'aventure dans un monde richement imaginé. Les récits mettent en scène divers personnages, dont des rois, des reines et des êtres magiques, avec des intrigues centrées sur des figures comme le Prince Beder et la Reine Gulnare. L'ouverture présente l'histoire captivante d'un roi de Perse découvrant le passé tragique et la lignée royale de sa reine. Le texte instaure une atmosphère de mystère et d'enchantement, soulignant la loyauté et la quête d'identité au milieu des défis magiques."
,Quels sont les thèmes principaux du livre 'Les fleurs du mal' ?,,"""Les Fleurs du mal"" de Charles Baudelaire explore principalement les thèmes de la beauté, la décadence, l'érotisme, la mélancolie, et la dualité entre le bien et le mal. Le recueil aborde également la modernité, l'ennui, et la quête de l'idéal, tout en reflétant les tensions entre le spleen et l'aspiration à l'élévation spirituelle. Baudelaire utilise une riche imagerie pour exprimer les complexités de l'âme humaine et les contradictions de l'existence."
,Qui sont les personnages principaux dans le résumé du livre 'Le Roi des Étudiants' ?,,"Les personnages principaux dans le résumé du livre ""Le Roi des Étudiants"" sont Paul Champfort et un groupe d'étudiants en médecine à Québec."
,Quels sont les thèmes principaux du livre 'Les Misérables' ?,,"Les thèmes principaux de ""Les Misérables"" sont la justice, la moralité, la rédemption, et la lutte entre le bien et le mal. Le roman explore également les problèmes sociaux, notamment la pauvreté et la marginalisation, à travers les vies de ses personnages, en particulier Jean Valjean."
,dE QUOI PARLE 'The Japanese Twins' ?,,"""The Japanese Twins"" de Lucy Fitch Perkins est un roman pour enfants écrit au début du 20e siècle. L'histoire suit Taro et Take, des jumeaux de cinq ans vivant dans une maison japonaise pittoresque avec leurs parents, leur grand-mère et leur petit frère, Bot'Chan. Le livre explore leur vie quotidienne, leurs expériences culturelles et les aventures innocentes de l'enfance. Au début du récit, les lecteurs découvrent Taro et Take le jour de la naissance de leur petit frère. Les jumeaux ressentent un mélange d'excitation et de curiosité en attendant l'arrivée du mystérieux paquet porté par leur nourrice. Lorsqu'ils découvrent que le paquet contient leur nouveau frère, ils réagissent avec joie et chaleur innocentes. L'ouverture du livre crée une atmosphère paisible et culturellement riche, mettant en valeur la dynamique familiale soudée, leurs conversations engageantes et la beauté enchanteresse de leur jardin. Au fil de l'histoire, les lecteurs sont invités dans le monde des enfants, rempli de plaisirs simples et de relations significatives."
"[{""query"": ""Quels sont les thèmes principaux du livre 'Les Misérables' ?"", ""answer"": ""Les thèmes principaux incluent la justice sociale, la rédemption, l'amour, et la pauvreté."", ""result"": ""Les thèmes principaux de \""Les Misérables\"" de Victor Hugo incluent la justice, la moralité, la rédemption, et la lutte entre le bien et le mal. Le roman explore également les problèmes sociaux, notamment la pauvreté et la marginalisation, à travers les vies de ses personnages, en particulier Jean Valjean. L'œuvre aborde aussi les sacrifices, l'espoir d'un avenir meilleur, et les dilemmes moraux dans un contexte de bouleversements historiques et sociaux.""}, {""query"": ""Qui sont les personnages principaux dans le résumé du livre 'Le Roi des Étudiants' ?"", ""answer"": ""Les personnages principaux sont Paul Champfort et ses camarades de lycée"", ""result"": ""Les personnages principaux dans le résumé du livre \""Le Roi des Étudiants\"" sont Paul Champfort et un groupe d'étudiants en médecine à Québec.""}, {""query"": ""Quels sont les thèmes principaux du livre 'Les fleurs du mal' ?"", ""answer"": ""Les thèmes principaux sont la mélancolie, la beauté, la société, et la lutte morale."", ""result"": ""\""Les Fleurs du mal\"" de Charles Baudelaire explore des thèmes principaux tels que la beauté, la décadence, la mort, l'érotisme, et le spleen. L'œuvre examine les dualités de l'existence humaine, la lutte entre le bien et le mal, et la quête de transcendance à travers l'art et la poésie. Baudelaire y exprime également une profonde mélancolie et une fascination pour le macabre, tout en cherchant à révéler la beauté cachée dans le monde moderne.""}, {""query"": ""Résume moi 'Fairy Tales from the Arabian Nights' ?"", ""answer"": ""C'est une collection de contes fantastiques inspirés du folklore moyen-oriental dont Les histoires explorent des thèmes de l'amour, de la magie et de l'aventure"", ""result"": ""\""Fairy Tales from the Arabian Nights\"" par E. Dixon est une collection de récits fantastiques édités et abrégés à la fin du 19e siècle. Inspirées du folklore moyen-oriental, ces histoires explorent des thèmes d'amour, de magie et d'aventure. Elles mettent en scène divers personnages, tels que des rois, des reines et des êtres magiques. Le récit s'ouvre sur l'histoire captivante d'un roi de Perse découvrant le passé tragique et la lignée royale de sa belle esclave devenue reine. Le livre présente également le prince Beder, qui vit des aventures destinées à trouver l'amour et à affronter des défis magiques, soulignant des thèmes de loyauté et de quête d'identité.""}]",,"[{""results"": ""CORRECT""}, {""results"": ""INCORRECT""}, {""results"": ""CORRECT""}, {""results"": ""CORRECT""}]",
,Résume moi 'Fairy Tales from the Arabian Nights' ?,,"""Fairy Tales from the Arabian Nights"" par E. Dixon est une collection de récits fantastiques édités et abrégés à la fin du 19e siècle. Inspirées du folklore moyen-oriental, ces histoires explorent des thèmes d'amour, de magie et d'aventure. Elles mettent en scène divers personnages, tels que des rois, des reines et des êtres magiques. Le récit s'ouvre sur l'histoire captivante d'un roi de Perse découvrant le passé tragique et la lignée royale de sa belle esclave devenue reine. Le livre présente également le prince Beder, qui vit des aventures destinées à trouver l'amour et à affronter des défis magiques, soulignant des thèmes de loyauté et de quête d'identité."
,Quels sont les thèmes principaux du livre 'Les fleurs du mal' ?,,"""Les Fleurs du mal"" de Charles Baudelaire explore des thèmes principaux tels que la beauté, la décadence, la mort, l'érotisme, et le spleen. L'œuvre examine les dualités de l'existence humaine, la lutte entre le bien et le mal, et la quête de transcendance à travers l'art et la poésie. Baudelaire y exprime également une profonde mélancolie et une fascination pour le macabre, tout en cherchant à révéler la beauté cachée dans le monde moderne."
,Qui sont les personnages principaux dans le résumé du livre 'Le Roi des Étudiants' ?,,"Les personnages principaux dans le résumé du livre ""Le Roi des Étudiants"" sont Paul Champfort et un groupe d'étudiants en médecine à Québec."
,Quel est le contexte du livre?,,"Le livre se déroule dans le contexte tumultueux de l'Europe post-napoléonienne, particulièrement en Allemagne. Après la chute de Napoléon, les espoirs de liberté et de réforme politique des jeunes idéalistes allemands, comme Sand, sont déçus. Les traités de 1815 et la nouvelle constitution germanique entraînent une réaction sévère, où les jeunes qui avaient combattu pour la liberté se retrouvent utilisés pour établir un despotisme européen. Les universités deviennent des refuges pour ces idées de liberté, malgré la répression exercée par les princes allemands et la Sainte-Alliance.

Sand, un jeune homme engagé dans ce mouvement, est profondément affecté par la déception de ses espoirs politiques. Son journal reflète un mélange de mysticisme, de tristesse et de lutte intérieure, alors qu'il cherche à concilier ses idéaux avec la réalité politique oppressante. Les sociétés secrètes se forment pour continuer à propager les idées de liberté, et Sand, malgré sa jeunesse, joue un rôle actif dans ces mouvements, illustrant son courage et son dévouement à la cause."
,Quels sont les thèmes principaux du livre 'Les Misérables' ?,,"Les thèmes principaux de ""Les Misérables"" de Victor Hugo incluent la justice, la moralité, la rédemption, et la lutte entre le bien et le mal. Le roman explore également les problèmes sociaux, notamment la pauvreté et la marginalisation, à travers les vies de ses personnages, en particulier Jean Valjean. L'œuvre aborde aussi les sacrifices, l'espoir d'un avenir meilleur, et les dilemmes moraux dans un contexte de bouleversements historiques et sociaux."
